type,name,soil,season,fertilizer,crop_for_pest,solution,tip
crop,wheat,Well drained loamy soil,Rabi,NPK (120kg N, 60kg P, 40kg K per hectare,,,, 
crop,rice,Clayey soil with high water retention,Kharif,Urea + DAP depending on soil test,,,,
crop,cotton,Black cotton soil,Kharif,Balanced NPK with micro-nutrients,,,,
crop,maize,Loamy soil,Rabi & Kharif,NPK + micronutrients as per soil test,,,,
crop,barley,Loamy soil,Rabi,NPK 100-60-40 per hectare,,,,
pest,bollworm,,,,cotton,Use pheromone traps, neem oil spray, or recommended pesticides,
pest,stem_borer,,,,rice,Apply Trichogramma cards & maintain field sanitation,
pest,aphids,,,,wheat,Use neem oil spray or insecticidal soap,
pest,armyworm,,,,maize,Manual removal and biological control using Bt,
pest,whitefly,,,,tomato,Use yellow sticky traps and neem oil sprays,
tip,,,,,,,Irrigate crops based on soil moisture and crop stage
tip,,,,,,,Always do a soil test before applying fertilizers
tip,,,,,,,Harvest crops at the right maturity to maximize yield
tip,,,,,,,Monitor fields regularly to detect pests early


